<?xml version="1.0" encoding="UTF-8"?>
<project-private xmlns="http://www.netbeans.org/ns/project-private/1">
    <editor-bookmarks xmlns="http://www.netbeans.org/ns/editor-bookmarks/2" lastBookmarkId="0"/>
    <open-files xmlns="http://www.netbeans.org/ns/projectui-open-files/2">
        <group>
            <file>file:/C:/Users/Usuario/OneDrive/Escritorio/GP2/GP2/src/gp2/ejercicio19.java</file>
            <file>file:/C:/Users/Usuario/OneDrive/Escritorio/GP2/GP2/src/gp2/ejercicio20.java</file>
            <file>file:/C:/Users/Usuario/OneDrive/Escritorio/GP2/GP2/src/gp2/ejercicio02.java</file>
            <file>file:/C:/Users/Usuario/OneDrive/Escritorio/GP2/GP2/src/gp2/ejercicio05.java</file>
            <file>file:/C:/Users/Usuario/OneDrive/Escritorio/GP2/GP2/src/gp2/ejercicio09.java</file>
            <file>file:/C:/Users/Usuario/OneDrive/Escritorio/GP2/GP2/src/gp2/ejercicio10.java</file>
            <file>file:/C:/Users/Usuario/OneDrive/Escritorio/GP2/GP2/src/gp2/ejercicio03.java</file>
            <file>file:/C:/Users/Usuario/OneDrive/Escritorio/GP2/GP2/src/gp2/ejercicio06.java</file>
            <file>file:/C:/Users/Usuario/OneDrive/Escritorio/GP2/GP2/src/gp2/ejercicio21.java</file>
            <file>file:/C:/Users/Usuario/OneDrive/Escritorio/GP2/GP2/src/gp2/ejercicio08.java</file>
            <file>file:/C:/Users/Usuario/OneDrive/Escritorio/GP2/GP2/src/gp2/ejecicio16.java</file>
            <file>file:/C:/Users/Usuario/OneDrive/Escritorio/GP2/GP2/src/gp2/ejercicio07.java</file>
            <file>file:/C:/Users/Usuario/OneDrive/Escritorio/GP2/GP2/src/gp2/ejercicio11.java</file>
            <file>file:/C:/Users/Usuario/OneDrive/Escritorio/GP2/GP2/src/gp2/ejercicio01.java</file>
            <file>file:/C:/Users/Usuario/OneDrive/Escritorio/GP2/GP2/src/gp2/ejercicio17.java</file>
            <file>file:/C:/Users/Usuario/OneDrive/Escritorio/GP2/GP2/src/gp2/ejercicio22.java</file>
            <file>file:/C:/Users/Usuario/OneDrive/Escritorio/GP2/GP2/src/gp2/ejercicio14.java</file>
            <file>file:/C:/Users/Usuario/OneDrive/Escritorio/GP2/GP2/src/gp2/ejercicico13.java</file>
            <file>file:/C:/Users/Usuario/OneDrive/Escritorio/GP2/GP2/src/gp2/ejercicio18.java</file>
            <file>file:/C:/Users/Usuario/OneDrive/Escritorio/GP2/GP2/src/gp2/ejercicio15.java</file>
            <file>file:/C:/Users/Usuario/OneDrive/Escritorio/GP2/GP2/src/gp2/ejercicio12.java</file>
            <file>file:/C:/Users/Usuario/OneDrive/Escritorio/GP2/GP2/src/gp2/ejercicio04.java</file>
        </group>
    </open-files>
</project-private>
